Latitude,Longitude,Common Name,FEATUREITEM_ID,City Feature,Address,Website,Location
47.685762,-122.32343,Banner Way Triangles,,Parks,,http://www.seattle.gov/parks/park_detail.asp?ID=4073,"(47.685762, -122.32343)"
47.646349,-122.332567,Waterway 19,,Parks,,http://www.seattle.gov/parks/park_detail.asp?ID=4083,"(47.646349, -122.332567)"
47.589165,-122.30566,Atlantic Street Park,,Parks,S ATLANTIC ST\21ST AVE S,http://www.seattle.gov/parks/park_detail.asp?ID=4243,"(47.589165, -122.30566)"
47.709155,-122.315554,Victory Creek Park,,Parks,1059 NORTHGATE WAY,http://www.seattle.gov/parks/park_detail.asp?ID=4443,"(47.709155, -122.315554)"
47.524762,-122.33989,Westcrest Park,,Parks,,http://www.seattle.gov/parks/park_detail.asp?ID=468,"(47.524762, -122.33989)"
47.672596,-122.313074,Cowen Park,,Parks,,http://www.seattle.gov/parks/park_detail.asp?ID=483,"(47.672596, -122.313074)"
47.71911,-122.295875,Lake City Park,,Parks,12359 LAKE CITY WAY NE,http://www.seattle.gov/parks/park_detail.asp?ID=487,"(47.71911, -122.295875)"
47.641586,-122.34338,Westlake Greenbelt,,Parks,,http://www.seattle.gov/parks/park_detail.asp?ID=494,"(47.641586, -122.34338)"
47.570461,-122.295537,York Park,,Parks,3650 RENTON AVE SOUTH,http://www.seattle.gov/parks/park_detail.asp?ID=580,"(47.570461, -122.295537)"
47.659309,-122.319072,Christie Park,,Parks,,http://www.seattle.gov/parks/park_detail.asp?ID=595,"(47.659309, -122.319072)"
47.627746,-122.349245,Ward Springs Park,,Parks,925 4TH AVE N,http://www.seattle.gov/parks/park_detail.asp?ID=763,"(47.627746, -122.349245)"
47.514542,-122.39438,Endolyne Park,,Parks,,http://www.seattle.gov/parks/park_detail.asp?ID=1653,"(47.514542, -122.39438)"
47.63115,-122.322174,St Marks Greenbelt,,Parks,,http://www.seattle.gov/parks/park_detail.asp?ID=2848,"(47.63115, -122.322174)"
47.647741,-122.324917,Fairview Park,,Parks,,http://www.seattle.gov/parks/park_detail.asp?ID=2975,"(47.647741, -122.324917)"
47.632017,-122.283837,Lambert Place,,Parks,38TH AVE E / E MADISON ST,http://www.seattle.gov/parks/park_detail.asp?ID=3096,"(47.632017, -122.283837)"
47.617013,-122.319134,Cal Anderson Park,,Parks,,http://www.seattle.gov/parks/park_detail.asp?ID=3102,"(47.617013, -122.319134)"
47.65205,-122.360602,West Ewing Mini Park,,Parks,,http://www.seattle.gov/parks/park_detail.asp?ID=3694,"(47.65205, -122.360602)"
47.607709,-122.296568,Gerber Park,,Parks,,http://www.seattle.gov/parks/park_detail.asp?ID=3759,"(47.607709, -122.296568)"
47.636741,-122.329689,Terry Pettus Park,,Parks,,http://www.seattle.gov/parks/park_detail.asp?ID=3889,"(47.636741, -122.329689)"
47.666216,-122.358092,Cascade Place,,Parks,5199 PALMER CT NW,http://www.seattle.gov/parks/park_detail.asp?ID=3902,"(47.666216, -122.358092)"
47.618382,-122.347411,Tilikum Place,,Parks,5TH AVE & DENNY WAY,http://www.seattle.gov/parks/park_detail.asp?ID=3909,"(47.618382, -122.347411)"
47.60042,-122.324494,Kobe Terrace,,Parks,,http://www.seattle.gov/parks/park_detail.asp?ID=3915,"(47.60042, -122.324494)"
47.577122,-122.310563,Stevens Place,,Parks,,http://www.seattle.gov/parks/park_detail.asp?ID=3919,"(47.577122, -122.310563)"
47.582697,-122.294616,College Street Park,,Parks,2915 S COLLEGE ST,http://www.seattle.gov/parks/park_detail.asp?ID=3922,"(47.582697, -122.294616)"
47.573282,-122.282492,Sierra Place,,Parks,,http://www.seattle.gov/parks/park_detail.asp?ID=3928,"(47.573282, -122.282492)"
47.519093,-122.261484,Fletcher Place,,Parks,,http://www.seattle.gov/parks/park_detail.asp?ID=3948,"(47.519093, -122.261484)"
47.606778,-122.342196,Waterfront Park,,Parks,,http://www.seattle.gov/parks/park_detail.asp?ID=3973,"(47.606778, -122.342196)"
47.629656,-122.355466,Highland Place,,Parks,HIGHLAND DR / 1ST AVE N,http://www.seattle.gov/parks/park_detail.asp?ID=3979,"(47.629656, -122.355466)"
47.693703,-122.381394,Crown Hill Glen,,Parks,8735 19TH AVE NW,http://www.seattle.gov/parks/park_detail.asp?ID=4070,"(47.693703, -122.381394)"
47.592857,-122.314435,Lewis Park,,Parks,,http://www.seattle.gov/parks/park_detail.asp?ID=4076,"(47.592857, -122.314435)"
47.590365,-122.285724,South Day Street Park,,Parks,1400 LAKESIDE AVE S,http://www.seattle.gov/parks/park_detail.asp?ID=4082,"(47.590365, -122.285724)"
47.55437,-122.366001,Greg Davis Park,,Parks,,http://www.seattle.gov/parks/park_detail.asp?ID=4157,"(47.55437, -122.366001)"
47.672185,-122.406561,Northwest 60th Viewpoint,,Parks,,http://www.seattle.gov/parks/park_detail.asp?ID=4161,"(47.672185, -122.406561)"
47.589982,-122.297816,Sam Smith Park,,Parks,,http://www.seattle.gov/parks/park_detail.asp?ID=4242,"(47.589982, -122.297816)"
47.591919,-122.312163,Taejon Park,,Parks,1144 STURGUS AVE S,http://www.seattle.gov/parks/park_detail.asp?ID=4400,"(47.591919, -122.312163)"
47.650088,-122.348825,A. B. Ernst Park,,Parks,723 N 35TH ST,http://www.seattle.gov/parks/park_detail.asp?ID=4404,"(47.650088, -122.348825)"
47.662559,-122.303161,Ravenna Woods,,Parks,,http://www.seattle.gov/parks/park_detail.asp?ID=4411,"(47.662559, -122.303161)"
47.554207,-122.28455,Hitts Hill Park,,Parks,,http://www.seattle.gov/parks/park_detail.asp?ID=4413,"(47.554207, -122.28455)"
47.54499,-122.321583,Oxbow Park,,Parks,6430 Corson Ave S,http://www.seattle.gov/parks/park_detail.asp?ID=4416,"(47.54499, -122.321583)"
47.661108,-122.356671,Fremont Peak Park,,Parks,4351 PALATINE AVE N,http://www.seattle.gov/parks/park_detail.asp?ID=4424,"(47.661108, -122.356671)"
47.674186,-122.379116,Ballard Corners Park,,Parks,17th Ave NW & NW 63rd St,http://www.seattle.gov/parks/park_detail.asp?ID=4428,"(47.674186, -122.379116)"
47.632602,-122.387681,Smith Cove Park,,Parks,23RD AVE W / W MARINA PL,http://www.seattle.gov/parks/park_detail.asp?ID=4433,"(47.632602, -122.387681)"
47.639083,-122.276119,Madison Park North Beach,,Parks,,http://www.seattle.gov/parks/park_detail.asp?ID=4441,"(47.639083, -122.276119)"
47.714186,-122.308222,Pinehurst Pocket Park,,Parks,11700 19TH AVE NE,http://www.seattle.gov/parks/park_detail.asp?ID=4444,"(47.714186, -122.308222)"
47.634898,-122.323409,I-5 Colonnade,,Parks,,http://www.seattle.gov/parks/park_detail.asp?ID=4446,"(47.634898, -122.323409)"
47.536413,-122.390347,Solstice Park,,Parks,,http://www.seattle.gov/parks/park_detail.asp?ID=4453,"(47.536413, -122.390347)"
47.603132,-122.318981,Horiuchi Park,,Parks,156 BOREN AVE,http://www.seattle.gov/parks/park_detail.asp?ID=43,"(47.603132, -122.318981)"
47.633353,-122.373209,Sw Queen Anne Greenbelt,,Parks,,http://www.seattle.gov/parks/park_detail.asp?ID=234,"(47.633353, -122.373209)"
47.703194,-122.381198,Blue Ridge Places,,Parks,,http://www.seattle.gov/parks/park_detail.asp?ID=239,"(47.703194, -122.381198)"
47.692105,-122.403269,Golden Gardens Park,,Parks,,http://www.seattle.gov/parks/park_detail.asp?ID=243,"(47.692105, -122.403269)"
47.66197,-122.401004,Kiwanis Memorial Preserve Park,,Parks,,http://www.seattle.gov/parks/park_detail.asp?ID=246,"(47.66197, -122.401004)"
47.679517,-122.382145,Salmon Bay Park,,Parks,,http://www.seattle.gov/parks/park_detail.asp?ID=249,"(47.679517, -122.382145)"
47.583406,-122.395546,Duwamish Head Greenbelt,,Parks,,http://www.seattle.gov/parks/park_detail.asp?ID=260,"(47.583406, -122.395546)"
47.604695,-122.287835,Leschi-Lake Dell Natural Area,,Parks,3525 E TERRACE ST,http://www.seattle.gov/parks/park_detail.asp?ID=263,"(47.604695, -122.287835)"
47.608657,-122.345238,Piers 62 And 63,,Parks,,http://www.seattle.gov/parks/park_detail.asp?ID=274,"(47.608657, -122.345238)"
47.639775,-122.352314,Wolf Creek Ravine Natural Area,,Parks,,http://www.seattle.gov/parks/park_detail.asp?ID=278,"(47.639775, -122.352314)"
47.636418,-122.373243,Twelfth West And W Howe Park,,Parks,12th Ave W / W Howe St,http://www.seattle.gov/parks/park_detail.asp?ID=281,"(47.636418, -122.373243)"
47.586761,-122.318448,East Duwamish Greenbelt,,Parks,1827 11TH AVE SOUTH,http://www.seattle.gov/parks/park_detail.asp?ID=283,"(47.586761, -122.318448)"
47.668907,-122.344218,Woodland Park,,Parks,,http://www.seattle.gov/parks/park_detail.asp?ID=292,"(47.668907, -122.344218)"
47.625169,-122.293173,3001 E Madison,,Parks,,http://www.seattle.gov/parks/park_detail.asp?ID=296,"(47.625169, -122.293173)"
47.667976,-122.384972,Marvins Garden,,Parks,,http://www.seattle.gov/parks/park_detail.asp?ID=298,"(47.667976, -122.384972)"
47.630425,-122.348402,Bhy Kracke Park,,Parks,,http://www.seattle.gov/parks/park_detail.asp?ID=304,"(47.630425, -122.348402)"
47.681711,-122.331029,Green Lake Park,,Parks,,http://www.seattle.gov/parks/park_detail.asp?ID=307,"(47.681711, -122.331029)"
47.660498,-122.416228,Discovery Park,,Parks,,http://www.seattle.gov/parks/park_detail.asp?ID=310,"(47.660498, -122.416228)"
47.721559,-122.326993,Northacres Park,,Parks,,http://www.seattle.gov/parks/park_detail.asp?ID=361,"(47.721559, -122.326993)"
47.62205,-122.284731,Lakeview Park,,Parks,,http://www.seattle.gov/parks/park_detail.asp?ID=365,"(47.62205, -122.284731)"
47.63561,-122.276692,Madison Park,,Parks,,http://www.seattle.gov/parks/park_detail.asp?ID=369,"(47.63561, -122.276692)"
47.646019,-122.301265,East Montlake Park,,Parks,,http://www.seattle.gov/parks/park_detail.asp?ID=374,"(47.646019, -122.301265)"
47.652204,-122.322489,South Passage Point Park,,Parks,,http://www.seattle.gov/parks/park_detail.asp?ID=377,"(47.652204, -122.322489)"
47.627081,-122.325708,Summit Place,,Parks,,http://www.seattle.gov/parks/park_detail.asp?ID=383,"(47.627081, -122.325708)"
47.618021,-122.29294,William Grose Park,,Parks,1814 30TH AVE E,http://www.seattle.gov/parks/park_detail.asp?ID=385,"(47.618021, -122.29294)"
47.600705,-122.307463,Pratt Park,,Parks,,http://www.seattle.gov/parks/park_detail.asp?ID=390,"(47.600705, -122.307463)"
47.599506,-122.290256,Leschi Park,,Parks,100 LAKESIDE AV S,http://www.seattle.gov/parks/park_detail.asp?ID=392,"(47.599506, -122.290256)"
47.680304,-122.255086,Warren G. Magnuson Park,,Parks,6550 Sand Point Wy NE,http://www.seattle.gov/parks/park_detail.asp?ID=398,"(47.680304, -122.255086)"
47.585469,-122.288611,Colman Park,,Parks,,http://www.seattle.gov/parks/park_detail.asp?ID=405,"(47.585469, -122.288611)"
47.506033,-122.247429,Lakeridge Park,,Parks,,http://www.seattle.gov/parks/park_detail.asp?ID=411,"(47.506033, -122.247429)"
47.52895,-122.262831,Pritchard Island Beach,,Parks,,http://www.seattle.gov/parks/park_detail.asp?ID=420,"(47.52895, -122.262831)"
47.539047,-122.286687,"John C. Little, Sr. Park",,Parks,6961 37th Avenue S,http://www.seattle.gov/parks/park_detail.asp?ID=429,"(47.539047, -122.286687)"
47.680361,-122.281073,View Ridge Playfield,,Parks,,http://www.seattle.gov/parks/park_detail.asp?ID=444,"(47.680361, -122.281073)"
47.585641,-122.386696,California Place,,Parks,CALIFORNIA AVE SW / SW HILL ST,http://www.seattle.gov/parks/park_detail.asp?ID=448,"(47.585641, -122.386696)"
47.5192,-122.383222,Fauntleroy Park,,Parks,,http://www.seattle.gov/parks/park_detail.asp?ID=453,"(47.5192, -122.383222)"
47.531177,-122.396012,Lincoln Park,,Parks,,http://www.seattle.gov/parks/park_detail.asp?ID=460,"(47.531177, -122.396012)"
47.519496,-122.368882,Roxhill Park,,Parks,,http://www.seattle.gov/parks/park_detail.asp?ID=464,"(47.519496, -122.368882)"
47.661011,-122.406373,Cesar Chavez Park,,Parks,,http://www.seattle.gov/parks/park_detail.asp?ID=4448,"(47.661011, -122.406373)"
47.653962,-122.32243,North Passage Point Park,,Parks,,http://www.seattle.gov/parks/park_detail.asp?ID=2956,"(47.653962, -122.32243)"
47.629555,-122.386693,Open Water Park,,Parks,ELLIOTT BAY MARINA TO PIER 91,http://www.seattle.gov/parks/park_detail.asp?ID=3005,"(47.629555, -122.386693)"
47.636257,-122.308316,Interlaken Park,,Parks,,http://www.seattle.gov/parks/park_detail.asp?ID=3023,"(47.636257, -122.308316)"
47.61875,-122.282003,Viretta Park,,Parks,,http://www.seattle.gov/parks/park_detail.asp?ID=3098,"(47.61875, -122.282003)"
47.603091,-122.304648,Spruce Street Mini Park,,Parks,,http://www.seattle.gov/parks/park_detail.asp?ID=3117,"(47.603091, -122.304648)"
47.588907,-122.300842,Jimi Hendrix Park,,Parks,,http://www.seattle.gov/parks/park_detail.asp?ID=3121,"(47.588907, -122.300842)"
47.641091,-122.321643,Harvard-Miller/Roanoke Annex,,Parks,,http://www.seattle.gov/parks/park_detail.asp?ID=3695,"(47.641091, -122.321643)"
47.656318,-122.286524,Union Bay Boglands #2,,Parks,,http://www.seattle.gov/parks/park_detail.asp?ID=3751,"(47.656318, -122.286524)"
47.670304,-122.333769,Keystone Place,,Parks,,http://www.seattle.gov/parks/park_detail.asp?ID=3880,"(47.670304, -122.333769)"
47.688151,-122.294772,Wedgwood Square,,Parks,,http://www.seattle.gov/parks/park_detail.asp?ID=3899,"(47.688151, -122.294772)"
47.666686,-122.357602,Sunset Place,,Parks,1ST AVE NW /  NW 52ND ST,http://www.seattle.gov/parks/park_detail.asp?ID=3901,"(47.666686, -122.357602)"
47.632304,-122.282887,Hyde Place,,Parks,,http://www.seattle.gov/parks/park_detail.asp?ID=3905,"(47.632304, -122.282887)"
47.626809,-122.364152,Blaine Place,,Parks,,http://www.seattle.gov/parks/park_detail.asp?ID=3907,"(47.626809, -122.364152)"
47.611906,-122.325512,First Hill Park,,Parks,,http://www.seattle.gov/parks/park_detail.asp?ID=3910,"(47.611906, -122.325512)"
47.614318,-122.288745,Alvin Larkins Park,,Parks,,http://www.seattle.gov/parks/park_detail.asp?ID=3914,"(47.614318, -122.288745)"
47.579565,-122.397063,Nantes Park,,Parks,5062 SW ADMIRAL WAY,http://www.seattle.gov/parks/park_detail.asp?ID=3916,"(47.579565, -122.397063)"
47.578768,-122.311952,Mcclellan Place,,Parks,,http://www.seattle.gov/parks/park_detail.asp?ID=3918,"(47.578768, -122.311952)"
47.562715,-122.379834,Fauntleroy Place,,Parks,,http://www.seattle.gov/parks/park_detail.asp?ID=3921,"(47.562715, -122.379834)"
47.582757,-122.297163,Martin Luther King Jr Memorial,,Parks,,http://www.seattle.gov/parks/park_detail.asp?ID=3923,"(47.582757, -122.297163)"
47.520876,-122.38779,Katharine Colman Triangle,,Parks,,http://www.seattle.gov/parks/park_detail.asp?ID=3942,"(47.520876, -122.38779)"
47.510321,-122.246841,Lakeridge Playground,,Parks,,http://www.seattle.gov/parks/park_detail.asp?ID=3972,"(47.510321, -122.246841)"
47.671728,-122.322634,Ne 60th Street Park,,Parks,5TH AVE NE/NE 60TH ST,http://www.seattle.gov/parks/park_detail.asp?ID=3975,"(47.671728, -122.322634)"
47.62841,-122.328918,Eastlake Triangle,,Parks,,http://www.seattle.gov/parks/park_detail.asp?ID=3977,"(47.62841, -122.328918)"
47.61833,-122.284838,Denny Blaine Lake Park,,Parks,,http://www.seattle.gov/parks/park_detail.asp?ID=3980,"(47.61833, -122.284838)"
47.619443,-122.283592,Stevens Triangle,,Parks,,http://www.seattle.gov/parks/park_detail.asp?ID=3981,"(47.619443, -122.283592)"
47.62011,-122.280548,Denny Blaine Park,,Parks,,http://www.seattle.gov/parks/park_detail.asp?ID=3982,"(47.62011, -122.280548)"
47.640108,-122.365952,Coe Play Park,,Parks,,http://www.seattle.gov/parks/park_detail.asp?ID=3985,"(47.640108, -122.365952)"
47.640849,-122.37141,Soundview Terrace,,Parks,,http://www.seattle.gov/parks/park_detail.asp?ID=3987,"(47.640849, -122.37141)"
47.55187,-122.358556,Puget Creek Greenspace,,Parks,SW BRANDON ST/19TH AVE SW,http://www.seattle.gov/parks/park_detail.asp?ID=3993,"(47.55187, -122.358556)"
47.717936,-122.355836,Broadview Park,,Parks,,http://www.seattle.gov/parks/park_detail.asp?ID=3997,"(47.717936, -122.355836)"
47.718937,-122.28006,University Lake Shore Place,,Parks,4275 NE 125TH ST,http://www.seattle.gov/parks/park_detail.asp?ID=3998,"(47.718937, -122.28006)"
47.667567,-122.359434,Rainier Place,,Parks,298 NW 53RD ST,http://www.seattle.gov/parks/park_detail.asp?ID=3999,"(47.667567, -122.359434)"
47.614124,-122.329092,Plymouth Pillars Park,,Parks,,http://www.seattle.gov/parks/park_detail.asp?ID=4000,"(47.614124, -122.329092)"
47.691145,-122.280809,Inverness Ravine Park,,Parks,,http://www.seattle.gov/parks/park_detail.asp?ID=4001,"(47.691145, -122.280809)"
47.615231,-122.284261,Madrona Briar Patch,,Parks,,http://www.seattle.gov/parks/park_detail.asp?ID=4005,"(47.615231, -122.284261)"
47.599362,-122.330086,Union Station Square,,Parks,,http://www.seattle.gov/parks/park_detail.asp?ID=4007,"(47.599362, -122.330086)"
47.614233,-122.313032,Mcgilvra Place,,Parks,,http://www.seattle.gov/parks/park_detail.asp?ID=4008,"(47.614233, -122.313032)"
47.640142,-122.410083,Parkmont Place,,Parks,MAGNOLIA BLVD W/W PARKMONT PL,http://www.seattle.gov/parks/park_detail.asp?ID=4009,"(47.640142, -122.410083)"
47.651802,-122.357864,Fremont Canal Park,,Parks,,http://www.seattle.gov/parks/park_detail.asp?ID=4011,"(47.651802, -122.357864)"
47.63769,-122.405566,Eastmont Place,,Parks,,http://www.seattle.gov/parks/park_detail.asp?ID=4012,"(47.63769, -122.405566)"
47.510613,-122.250038,Thayer Place,,Parks,,http://www.seattle.gov/parks/park_detail.asp?ID=4014,"(47.510613, -122.250038)"
47.620311,-122.305711,Miller Triangle,,Parks,,http://www.seattle.gov/parks/park_detail.asp?ID=4015,"(47.620311, -122.305711)"
47.619809,-122.313094,Williams Place,,Parks,,http://www.seattle.gov/parks/park_detail.asp?ID=4016,"(47.619809, -122.313094)"
47.665198,-122.330874,Corliss Place,,Parks,N 50TH ST / KEYSTONE PL N,http://www.seattle.gov/parks/park_detail.asp?ID=4017,"(47.665198, -122.330874)"
47.684317,-122.333029,Crescent Place,,Parks,,http://www.seattle.gov/parks/park_detail.asp?ID=4018,"(47.684317, -122.333029)"
47.580737,-122.28642,Mount Claire Park,,Parks,,http://www.seattle.gov/parks/park_detail.asp?ID=4019,"(47.580737, -122.28642)"
47.626904,-122.327658,Bellevue Place,,Parks,,http://www.seattle.gov/parks/park_detail.asp?ID=4022,"(47.626904, -122.327658)"
47.576058,-122.28372,Lakewood Triangle,,Parks,,http://www.seattle.gov/parks/park_detail.asp?ID=4024,"(47.576058, -122.28372)"
47.671888,-122.312027,Beck Place,,Parks,,http://www.seattle.gov/parks/park_detail.asp?ID=4028,"(47.671888, -122.312027)"
47.559792,-122.287395,Columbia Park,,Parks,,http://www.seattle.gov/parks/park_detail.asp?ID=4034,"(47.559792, -122.287395)"
47.682713,-122.320476,Rainbow Point,,Parks,625 NE BANNER PLACE,http://www.seattle.gov/parks/park_detail.asp?ID=4045,"(47.682713, -122.320476)"
47.520795,-122.323649,South Park Meadow,,Parks,,http://www.seattle.gov/parks/park_detail.asp?ID=4048,"(47.520795, -122.323649)"
47.650028,-122.415934,Carleton Highlands,,Parks,3298 Perkins Lane W.,http://www.seattle.gov/parks/park_detail.asp?ID=4049,"(47.650028, -122.415934)"
47.639849,-122.32975,Lynn Street Mini Park,,Parks,,http://www.seattle.gov/parks/park_detail.asp?ID=4075,"(47.639849, -122.32975)"
47.668089,-122.30367,Ravenna Park Triangle,,Parks,,http://www.seattle.gov/parks/park_detail.asp?ID=4080,"(47.668089, -122.30367)"
47.556242,-122.373161,Camp Long,,Parks,5200 35TH AVE SW,http://www.seattle.gov/parks/park_detail.asp?ID=4154,"(47.556242, -122.373161)"
47.577955,-122.317764,Twelfth Avenue South Viewpoint,,Parks,,http://www.seattle.gov/parks/park_detail.asp?ID=4159,"(47.577955, -122.317764)"
47.652696,-122.277487,Laurelhurst Triangle,,Parks,46TH AV NE/E LAURELHURST DR NE,http://www.seattle.gov/parks/park_detail.asp?ID=4162,"(47.652696, -122.277487)"
47.725808,-122.288042,Cedar Park,,Parks,3707 NE 135TH STREET,http://www.seattle.gov/parks/park_detail.asp?ID=4167,"(47.725808, -122.288042)"
47.670549,-122.385487,Ballard Commons Park,,Parks,5701 22ND AVENUE NW,http://www.seattle.gov/parks/park_detail.asp?ID=4278,"(47.670549, -122.385487)"
47.608732,-122.294573,Noras Woods,,Parks,720 29TH AVE,http://www.seattle.gov/parks/park_detail.asp?ID=4403,"(47.608732, -122.294573)"
47.670709,-122.395214,Thyme Patch Park,,Parks,2853 NW 58TH ST,http://www.seattle.gov/parks/park_detail.asp?ID=4405,"(47.670709, -122.395214)"
47.693048,-122.350647,Greenwood Park,,Parks,8905 FREMONT AVE N,http://www.seattle.gov/parks/park_detail.asp?ID=4408,"(47.693048, -122.350647)"
47.580238,-122.382219,Fairmount Park,,Parks,,http://www.seattle.gov/parks/park_detail.asp?ID=4410,"(47.580238, -122.382219)"
47.561514,-122.349545,Herrings House Park (Tulaltx),,Parks,4540 West Marginal Way,http://www.seattle.gov/parks/park_detail.asp?ID=4412,"(47.561514, -122.349545)"
47.613889,-122.350776,Belltown Cottage Park,,Parks,2156 Elliott Ave,http://www.seattle.gov/parks/park_detail.asp?ID=4415,"(47.613889, -122.350776)"
47.678016,-122.347727,Linden Orchard Park,,Parks,N 67th St / Linden Ave N,http://www.seattle.gov/parks/park_detail.asp?ID=4419,"(47.678016, -122.347727)"
47.635143,-122.347039,Trolley Hill Park,,Parks,5TH AVE N / BLAINE ST,http://www.seattle.gov/parks/park_detail.asp?ID=4421,"(47.635143, -122.347039)"
47.636192,-122.345276,Maclean Park,,Parks,1920 TAYLOR AVE N,http://www.seattle.gov/parks/park_detail.asp?ID=4422,"(47.636192, -122.345276)"
47.617309,-122.300994,Homer Harris Park,,Parks,2401 E HOWELL ST,http://www.seattle.gov/parks/park_detail.asp?ID=4426,"(47.617309, -122.300994)"
47.657838,-122.287122,Union Bay Boglands #1,,Parks,,http://www.seattle.gov/parks/park_detail.asp?ID=4431,"(47.657838, -122.287122)"
47.625683,-122.356323,Counterbalance Park,,Parks,700 QUEEN ANNE AVE N,http://www.seattle.gov/parks/park_detail.asp?ID=4438,"(47.625683, -122.356323)"
47.569133,-122.292012,Lake People Park (Xacuabs),,Parks,,http://www.seattle.gov/parks/park_detail.asp?ID=4439,"(47.569133, -122.292012)"
47.705194,-122.322424,Northgate Park,,Parks,10548 5TH AVE NE,http://www.seattle.gov/parks/park_detail.asp?ID=4445,"(47.705194, -122.322424)"
47.731181,-122.348583,Bitter Lake Open Space Park,,Parks,,http://www.seattle.gov/parks/park_detail.asp?ID=4450,"(47.731181, -122.348583)"
47.654365,-122.320826,Northlake Park,,Parks,,http://www.seattle.gov/parks/park_detail.asp?ID=4452,"(47.654365, -122.320826)"
47.631342,-122.355134,Observatory Courts,,Parks,,http://www.seattle.gov/parks/park_detail.asp?ID=322,"(47.631342, -122.355134)"
47.600463,-122.333272,Occidental Square,,Parks,,http://www.seattle.gov/parks/park_detail.asp?ID=323,"(47.600463, -122.333272)"
47.602076,-122.333886,Pioneer Square,,Parks,,http://www.seattle.gov/parks/park_detail.asp?ID=325,"(47.602076, -122.333886)"
47.601844,-122.330883,Prefontaine Place,,Parks,,http://www.seattle.gov/parks/park_detail.asp?ID=326,"(47.601844, -122.330883)"
47.644135,-122.359485,David Rodgers Park,,Parks,,http://www.seattle.gov/parks/park_detail.asp?ID=331,"(47.644135, -122.359485)"
47.611099,-122.33724,Westlake Park,,Parks,,http://www.seattle.gov/parks/park_detail.asp?ID=332,"(47.611099, -122.33724)"
47.718819,-122.295266,Lake City Memorial Triangle,,Parks,,http://www.seattle.gov/parks/park_detail.asp?ID=333,"(47.718819, -122.295266)"
47.613627,-122.337285,Westlake Square,,Parks,,http://www.seattle.gov/parks/park_detail.asp?ID=334,"(47.613627, -122.337285)"
47.614331,-122.344775,Regrade Park,,Parks,,http://www.seattle.gov/parks/park_detail.asp?ID=336,"(47.614331, -122.344775)"
47.610153,-122.343871,Victor Steinbrueck Park,,Parks,,http://www.seattle.gov/parks/park_detail.asp?ID=338,"(47.610153, -122.343871)"
47.61299,-122.337587,Mcgraw Square,,Parks,,http://www.seattle.gov/parks/park_detail.asp?ID=339,"(47.61299, -122.337587)"
47.629024,-122.359873,Kerry Park And Viewpoint,,Parks,,http://www.seattle.gov/parks/park_detail.asp?ID=342,"(47.629024, -122.359873)"
47.635099,-122.390161,Thorndyke Park,,Parks,,http://www.seattle.gov/parks/park_detail.asp?ID=343,"(47.635099, -122.390161)"
47.627142,-122.337477,Lake Union Park,,Parks,,http://www.seattle.gov/parks/park_detail.asp?ID=344,"(47.627142, -122.337477)"
47.605196,-122.295998,Powell Barnett Park,,Parks,,http://www.seattle.gov/parks/park_detail.asp?ID=345,"(47.605196, -122.295998)"
47.625727,-122.324408,Belmont Place,,Parks,,http://www.seattle.gov/parks/park_detail.asp?ID=346,"(47.625727, -122.324408)"
47.604999,-122.320952,Boren Place,,Parks,,http://www.seattle.gov/parks/park_detail.asp?ID=348,"(47.604999, -122.320952)"
47.609976,-122.32094,Boylston Place,,Parks,,http://www.seattle.gov/parks/park_detail.asp?ID=349,"(47.609976, -122.32094)"
47.608448,-122.308558,Firehouse Mini Park,,Parks,,http://www.seattle.gov/parks/park_detail.asp?ID=351,"(47.608448, -122.308558)"
47.636461,-122.316261,Grand Army Cemetery,,Parks,,http://www.seattle.gov/parks/park_detail.asp?ID=354,"(47.636461, -122.316261)"
47.619711,-122.290339,Harrison Ridge Greenbelt,,Parks,,http://www.seattle.gov/parks/park_detail.asp?ID=356,"(47.619711, -122.290339)"
47.622895,-122.301614,Prentis I. Frazier Park,,Parks,,http://www.seattle.gov/parks/park_detail.asp?ID=357,"(47.622895, -122.301614)"
47.598609,-122.325435,Hing Hay Park,,Parks,,http://www.seattle.gov/parks/park_detail.asp?ID=358,"(47.598609, -122.325435)"
47.617519,-122.280314,Howell Park,,Parks,,http://www.seattle.gov/parks/park_detail.asp?ID=359,"(47.617519, -122.280314)"
47.599557,-122.295868,Flo Ware Park,,Parks,2800 S JACKSON ST,http://www.seattle.gov/parks/park_detail.asp?ID=363,"(47.599557, -122.295868)"
47.596897,-122.323412,International Childrens Park,,Parks,,http://www.seattle.gov/parks/park_detail.asp?ID=364,"(47.596897, -122.323412)"
47.62939,-122.325705,Lakeview Place,,Parks,,http://www.seattle.gov/parks/park_detail.asp?ID=366,"(47.62939, -122.325705)"
47.60093,-122.28655,Leschi Park,,Parks,100 LAKESIDE AV S,http://www.seattle.gov/parks/park_detail.asp?ID=367,"(47.60093, -122.28655)"
47.609298,-122.28268,Madrona Park,,Parks,,http://www.seattle.gov/parks/park_detail.asp?ID=370,"(47.609298, -122.28268)"
47.644951,-122.300955,Mccurdy (Horace) Park,,Parks,E HAMLIN ST / E PARK DR E,http://www.seattle.gov/parks/park_detail.asp?ID=372,"(47.644951, -122.300955)"
47.646219,-122.30982,West Montlake Park,,Parks,,http://www.seattle.gov/parks/park_detail.asp?ID=375,"(47.646219, -122.30982)"
47.643723,-122.320185,Roanoke Park,,Parks,,http://www.seattle.gov/parks/park_detail.asp?ID=379,"(47.643723, -122.320185)"
47.611801,-122.3124,Spring Street Mini Park,,Parks,,http://www.seattle.gov/parks/park_detail.asp?ID=381,"(47.611801, -122.3124)"
47.62379,-122.323444,Tashkent Park,,Parks,,http://www.seattle.gov/parks/park_detail.asp?ID=384,"(47.62379, -122.323444)"
47.621036,-122.326216,Thomas Street Mini Park,,Parks,,http://www.seattle.gov/parks/park_detail.asp?ID=386,"(47.621036, -122.326216)"
47.617053,-122.299142,Plum Tree Park,,Parks,,http://www.seattle.gov/parks/park_detail.asp?ID=387,"(47.617053, -122.299142)"
47.671402,-122.305705,Ravenna Park,,Parks,,http://www.seattle.gov/parks/park_detail.asp?ID=391,"(47.671402, -122.305705)"
47.636478,-122.294833,Foster Island (Wash. Park),,Parks,,http://www.seattle.gov/parks/park_detail.asp?ID=393,"(47.636478, -122.294833)"
47.600278,-122.304179,Dr. Blanche Lavizzo Park,,Parks,,http://www.seattle.gov/parks/park_detail.asp?ID=395,"(47.600278, -122.304179)"
47.592425,-122.303953,Judkins Park And Playfield,,Parks,,http://www.seattle.gov/parks/park_detail.asp?ID=397,"(47.592425, -122.303953)"
47.630378,-122.315568,Volunteer Park,,Parks,,http://www.seattle.gov/parks/park_detail.asp?ID=399,"(47.630378, -122.315568)"
47.587419,-122.295426,Bradner Gardens Park,,Parks,,http://www.seattle.gov/parks/park_detail.asp?ID=401,"(47.587419, -122.295426)"
47.553389,-122.296225,Dearborn Park,,Parks,,http://www.seattle.gov/parks/park_detail.asp?ID=408,"(47.553389, -122.296225)"
47.564857,-122.278746,Genesee Park And Playfield,,Parks,,http://www.seattle.gov/parks/park_detail.asp?ID=409,"(47.564857, -122.278746)"
47.707034,-122.307629,Thornton Creek Park #1,,Parks,1302 10TH AVE NE,http://www.seattle.gov/parks/park_detail.asp?ID=416,"(47.707034, -122.307629)"
47.580957,-122.288481,Mount Baker Park,,Parks,,http://www.seattle.gov/parks/park_detail.asp?ID=419,"(47.580957, -122.288481)"
47.520135,-122.258376,Chinook Beach Park,,Parks,RAINIER AVE S / S ITHACA ST,http://www.seattle.gov/parks/park_detail.asp?ID=421,"(47.520135, -122.258376)"
47.5543,-122.252449,Seward Park,,Parks,,http://www.seattle.gov/parks/park_detail.asp?ID=428,"(47.5543, -122.252449)"
47.542398,-122.260054,Martha Washington Park,,Parks,,http://www.seattle.gov/parks/park_detail.asp?ID=432,"(47.542398, -122.260054)"
47.592681,-122.318451,Dr. Jose Rizal Park,,Parks,,http://www.seattle.gov/parks/park_detail.asp?ID=433,"(47.592681, -122.318451)"
47.524193,-122.263223,Beer Sheva Park,,Parks,,http://www.seattle.gov/parks/park_detail.asp?ID=440,"(47.524193, -122.263223)"
47.58671,-122.400127,Alki Beach Park,,Parks,,http://www.seattle.gov/parks/park_detail.asp?ID=445,"(47.58671, -122.400127)"
47.580672,-122.376895,Belvedere Park,,Parks,,http://www.seattle.gov/parks/park_detail.asp?ID=447,"(47.580672, -122.376895)"
47.584928,-122.378909,Duwamish Head Greenbelt,,Parks,,http://www.seattle.gov/parks/park_detail.asp?ID=451,"(47.584928, -122.378909)"
47.588951,-122.378676,Seacrest Park,,Parks,,http://www.seattle.gov/parks/park_detail.asp?ID=455,"(47.588951, -122.378676)"
47.52133,-122.388277,Kilbourne Park,,Parks,9131 CALIFORNIA AVE SW,http://www.seattle.gov/parks/park_detail.asp?ID=459,"(47.52133, -122.388277)"
47.558473,-122.356922,Puget Park,,Parks,4800 16TH AVE SW,http://www.seattle.gov/parks/park_detail.asp?ID=462,"(47.558473, -122.356922)"
47.539329,-122.348855,Riverview Playfield,,Parks,,http://www.seattle.gov/parks/park_detail.asp?ID=463,"(47.539329, -122.348855)"
47.574375,-122.400425,Schmitz Preserve Park,,Parks,,http://www.seattle.gov/parks/park_detail.asp?ID=465,"(47.574375, -122.400425)"
47.500389,-122.374332,Seola Park,,Parks,,http://www.seattle.gov/parks/park_detail.asp?ID=466,"(47.500389, -122.374332)"
47.563166,-122.404005,Me-Kwa-Mooks Park,,Parks,,http://www.seattle.gov/parks/park_detail.asp?ID=473,"(47.563166, -122.404005)"
47.655124,-122.283215,Belvoir Place,,Parks,3659  42ND AV NE,http://www.seattle.gov/parks/park_detail.asp?ID=475,"(47.655124, -122.283215)"
47.505679,-122.387822,Arroyos Natural Area,,Parks,,http://www.seattle.gov/parks/park_detail.asp?ID=485,"(47.505679, -122.387822)"
47.67688,-122.30493,Ravenna-Eckstein Park,,Parks,,http://www.seattle.gov/parks/park_detail.asp?ID=488,"(47.67688, -122.30493)"
47.578767,-122.301472,Cheasty Greenspace,,Parks,,http://www.seattle.gov/parks/park_detail.asp?ID=489,"(47.578767, -122.301472)"
47.685266,-122.299308,Dahl (Waldo J.) Playfield,,Parks,,http://www.seattle.gov/parks/park_detail.asp?ID=499,"(47.685266, -122.299308)"
47.566844,-122.387164,Dakota Place Park,,Parks,4304 SW DAKOTA ST,http://www.seattle.gov/parks/park_detail.asp?ID=575,"(47.566844, -122.387164)"
47.594089,-122.314377,Sturgus Park,,Parks,,http://www.seattle.gov/parks/park_detail.asp?ID=592,"(47.594089, -122.314377)"
47.531156,-122.319694,Duwamish Waterway Park,,Parks,,http://www.seattle.gov/parks/park_detail.asp?ID=705,"(47.531156, -122.319694)"
47.65129,-122.409139,Arapahoe Triangle,,Parks,3431 ARAPAHOE PLACE W,http://www.seattle.gov/parks/park_detail.asp?ID=1556,"(47.65129, -122.409139)"
47.551071,-122.308342,Maple School Ravine,,Parks,,http://www.seattle.gov/parks/park_detail.asp?ID=1630,"(47.551071, -122.308342)"
47.690119,-122.374794,Baker Park On Crown Hill,,Parks,,http://www.seattle.gov/parks/park_detail.asp?ID=2840,"(47.690119, -122.374794)"
47.568517,-122.409993,Andover Place,,Parks,,http://www.seattle.gov/parks/park_detail.asp?ID=2927,"(47.568517, -122.409993)"
47.573457,-122.417387,Charles Richey Sr Viewpoint,,Parks,,http://www.seattle.gov/parks/park_detail.asp?ID=80,"(47.573457, -122.417387)"
47.568067,-122.311441,Jefferson Park,,Parks,,http://www.seattle.gov/parks/park_detail.asp?ID=114,"(47.568067, -122.311441)"
47.541492,-122.39309,Pelly Place Natural Area,,Parks,,http://www.seattle.gov/parks/park_detail.asp?ID=237,"(47.541492, -122.39309)"
47.710823,-122.37241,Carkeek Park,,Parks,,http://www.seattle.gov/parks/park_detail.asp?ID=240,"(47.710823, -122.37241)"
47.72021,-122.298462,Albert Davis Park,,Parks,,http://www.seattle.gov/parks/park_detail.asp?ID=244,"(47.72021, -122.298462)"
47.668902,-122.361032,Greenwood Triangle,,Parks,,http://www.seattle.gov/parks/park_detail.asp?ID=245,"(47.668902, -122.361032)"
47.69471,-122.390258,North Beach Park,,Parks,24TH AVE NW/NW 90TH ST,http://www.seattle.gov/parks/park_detail.asp?ID=247,"(47.69471, -122.390258)"
47.684034,-122.400938,Sunset Hill Park,,Parks,,http://www.seattle.gov/parks/park_detail.asp?ID=252,"(47.684034, -122.400938)"
47.66833,-122.384495,Bergen Place,,Parks,,http://www.seattle.gov/parks/park_detail.asp?ID=253,"(47.66833, -122.384495)"
47.511157,-122.267366,Kubota Gardens Natural Area,,Parks,,http://www.seattle.gov/parks/park_detail.asp?ID=262,"(47.511157, -122.267366)"
47.530167,-122.363435,Longfellow Creek Greenspace,,Parks,,http://www.seattle.gov/parks/park_detail.asp?ID=267,"(47.530167, -122.363435)"
47.563782,-122.403424,Me-Kwa-Mooks Natural Area,,Parks,,http://www.seattle.gov/parks/park_detail.asp?ID=268,"(47.563782, -122.403424)"
47.714678,-122.364699,Pipers Creek Natural Area,,Parks,600 NW 117TH ST,http://www.seattle.gov/parks/park_detail.asp?ID=275,"(47.714678, -122.364699)"
47.699037,-122.28962,Mock Creek Ravine,,Parks,,http://www.seattle.gov/parks/park_detail.asp?ID=277,"(47.699037, -122.28962)"
47.635866,-122.345011,Northeast Queen Anne Greenbelt,,Parks,,http://www.seattle.gov/parks/park_detail.asp?ID=279,"(47.635866, -122.345011)"
47.563271,-122.356966,West Duwamish Greenbelt,,Parks,,http://www.seattle.gov/parks/park_detail.asp?ID=282,"(47.563271, -122.356966)"
47.698541,-122.338736,Licton Springs Park,,Parks,,http://www.seattle.gov/parks/park_detail.asp?ID=286,"(47.698541, -122.338736)"
47.51783,-122.268561,Sturtevant Ravine,,Parks,,http://www.seattle.gov/parks/park_detail.asp?ID=290,"(47.51783, -122.268561)"
47.705755,-122.336528,Mineral Springs Park,,Parks,1500 N 105TH STREET,http://www.seattle.gov/parks/park_detail.asp?ID=291,"(47.705755, -122.336528)"
47.645638,-122.334908,Gas Works Park,,Parks,,http://www.seattle.gov/parks/park_detail.asp?ID=293,"(47.645638, -122.334908)"
47.570984,-122.412089,Cormorant Cove,,Parks,,http://www.seattle.gov/parks/park_detail.asp?ID=295,"(47.570984, -122.412089)"
47.731387,-122.294567,Little Brook Park,,Parks,,http://www.seattle.gov/parks/park_detail.asp?ID=297,"(47.731387, -122.294567)"
47.538315,-122.380151,Orchard Street Ravine,,Parks,39TH SW / SW ORCHARD ST,http://www.seattle.gov/parks/park_detail.asp?ID=300,"(47.538315, -122.380151)"
47.733024,-122.364545,Llandover Woods Greenspace,,Parks,,http://www.seattle.gov/parks/park_detail.asp?ID=301,"(47.733024, -122.364545)"
47.639414,-122.406385,Carleton Center,,Parks,,http://www.seattle.gov/parks/park_detail.asp?ID=305,"(47.639414, -122.406385)"
47.602022,-122.329875,City Hall Park,,Parks,,http://www.seattle.gov/parks/park_detail.asp?ID=306,"(47.602022, -122.329875)"
47.66538,-122.40014,Commodore Park,,Parks,3330 W COMMODORE WAY,http://www.seattle.gov/parks/park_detail.asp?ID=308,"(47.66538, -122.40014)"
47.61913,-122.341049,Denny Park,,Parks,,http://www.seattle.gov/parks/park_detail.asp?ID=309,"(47.61913, -122.341049)"
47.618767,-122.36087,Myrtle Edwards Park,,Parks,,http://www.seattle.gov/parks/park_detail.asp?ID=311,"(47.618767, -122.36087)"
47.609472,-122.330904,Freeway Park,,Parks,,http://www.seattle.gov/parks/park_detail.asp?ID=312,"(47.609472, -122.330904)"
47.627316,-122.367205,Kinnear Park,,Parks,,http://www.seattle.gov/parks/park_detail.asp?ID=314,"(47.627316, -122.367205)"
47.626151,-122.356978,Kinnear Place,,Parks,,http://www.seattle.gov/parks/park_detail.asp?ID=315,"(47.626151, -122.356978)"
47.655064,-122.391157,Lawton Park,,Parks,,http://www.seattle.gov/parks/park_detail.asp?ID=316,"(47.655064, -122.391157)"
47.633427,-122.397348,Magnolia Park,,Parks,,http://www.seattle.gov/parks/park_detail.asp?ID=317,"(47.633427, -122.397348)"
47.629436,-122.366805,Marshall Park,,Parks,,http://www.seattle.gov/parks/park_detail.asp?ID=320,"(47.629436, -122.366805)"
47.643241,-122.353356,Mayfair Park,,Parks,,http://www.seattle.gov/parks/park_detail.asp?ID=321,"(47.643241, -122.353356)"
47.6560301481679,-122.349221502422,B.F. Day Playground,,Parks,4020 Fremont Ave N,http://www.seattle.gov/parks/park_detail.asp?ID=241,"(47.6560301481679, -122.349221502422)"
47.66729167168,-122.369684036369,Gilman Playground,,Parks,923 NW 54th St,http://www.seattle.gov/parks/park_detail.asp?ID=242,"(47.66729167168, -122.369684036369)"
47.6597179137182,-122.361346842948,Ross Playground,,Parks,4320 4th Ave NW,http://www.seattle.gov/parks/park_detail.asp?ID=248,"(47.6597179137182, -122.361346842948)"
47.6951336977073,-122.358700739135,Sandel Playground,,Parks,9053 1st Ave NW,http://www.seattle.gov/parks/park_detail.asp?ID=250,"(47.6951336977073, -122.358700739135)"
47.6954157512333,-122.378878432525,Soundview Playfield,,Parks,1590 NW 90th St,http://www.seattle.gov/parks/park_detail.asp?ID=251,"(47.6954157512333, -122.378878432525)"
47.6805383223391,-122.313978443867,Froula Playground,,Parks,7200 12th Ave NE,http://www.seattle.gov/parks/park_detail.asp?ID=287,"(47.6805383223391, -122.313978443867)"
47.724209093647,-122.349314334665,Bitter Lake Playfield,,Parks,13035 Linden Ave N,http://www.seattle.gov/parks/park_detail.asp?ID=288,"(47.724209093647, -122.349314334665)"
47.6841059362952,-122.38324017016,Loyal Heights Playfield,,Parks,2101 NW 77th St,http://www.seattle.gov/parks/park_detail.asp?ID=289,"(47.6841059362952, -122.38324017016)"
47.6438017035719,-122.38678612823,Bayview Playground,,Parks,2614 24th Ave W,http://www.seattle.gov/parks/park_detail.asp?ID=303,"(47.6438017035719, -122.38678612823)"
47.6405844763879,-122.391059670129,East Magnolia Playfield,,Parks,,http://www.seattle.gov/parks/park_detail.asp?ID=318,"(47.6405844763879, -122.391059670129)"
47.6437458208129,-122.399472233563,Magnolia Playfield,,Parks,2518 34th Ave W,http://www.seattle.gov/parks/park_detail.asp?ID=319,"(47.6437458208129, -122.399472233563)"
47.6361389994322,-122.353785822709,East Queen Anne Playground,,Parks,1912 Warren Ave N,http://www.seattle.gov/parks/park_detail.asp?ID=329,"(47.6361389994322, -122.353785822709)"
47.6355140819519,-122.359503883522,West Queen Anne Playfield,,Parks,150 W Blaine St,http://www.seattle.gov/parks/park_detail.asp?ID=330,"(47.6355140819519, -122.359503883522)"
47.6598895174452,-122.278019181289,Laurelhurst Playfield,,Parks,4544 NE 41st St,http://www.seattle.gov/parks/park_detail.asp?ID=340,"(47.6598895174452, -122.278019181289)"
47.6214052249468,-122.332354809849,Cascade Playground,,Parks,333 Pontius Ave N,http://www.seattle.gov/parks/park_detail.asp?ID=350,"(47.6214052249468, -122.332354809849)"
47.7057711129745,-122.293492857914,Meadowbrook Playfield,,Parks,10533 35th Ave NE,http://www.seattle.gov/parks/park_detail.asp?ID=352,"(47.7057711129745, -122.293492857914)"
47.6070978006384,-122.301411867027,Garfield Playfield,,Parks,23rd Ave and E Cherry St,http://www.seattle.gov/parks/park_detail.asp?ID=353,"(47.6070978006384, -122.301411867027)"
47.6110216491653,-122.289885186905,Madrona Playground,,Parks,3211 E Spring St,http://www.seattle.gov/parks/park_detail.asp?ID=371,"(47.6110216491653, -122.289885186905)"
47.6214333231101,-122.306261412155,Miller Playfield,,Parks,400 19th Ave E,http://www.seattle.gov/parks/park_detail.asp?ID=373,"(47.6214333231101, -122.306261412155)"
47.6424066868121,-122.310081020631,Montlake Playfield,,Parks,1618 E Calhoun St,http://www.seattle.gov/parks/park_detail.asp?ID=376,"(47.6424066868121, -122.310081020631)"
47.6027234663951,-122.29060161753,Peppi'S Playground,,Parks,3233 E Spruce St,http://www.seattle.gov/parks/park_detail.asp?ID=378,"(47.6027234663951, -122.29060161753)"
47.6426009492446,-122.325256868431,Rogers Playground,,Parks,Eastlake Ave E and E Roanoke St,http://www.seattle.gov/parks/park_detail.asp?ID=380,"(47.6426009492446, -122.325256868431)"
47.7164362240396,-122.314628211158,Pinehurst Playground,,Parks,12029 14th Ave. NE,http://www.seattle.gov/parks/park_detail.asp?ID=382,"(47.7164362240396, -122.314628211158)"
47.6971318737822,-122.308131595437,Sacajawea Playground,,Parks,1726 NE 94th St,http://www.seattle.gov/parks/park_detail.asp?ID=394,"(47.6971318737822, -122.308131595437)"
47.5862263145601,-122.315324628371,Beacon Hill Playground,,Parks,1902 13th Ave S,http://www.seattle.gov/parks/park_detail.asp?ID=400,"(47.5862263145601, -122.315324628371)"
47.548387353425,-122.282099579571,Brighton Playfield,,Parks,6000 39th Ave S,http://www.seattle.gov/parks/park_detail.asp?ID=402,"(47.548387353425, -122.282099579571)"
47.5362144800422,-122.278104890608,Othello Playground,,Parks,4351 S Othello St,http://www.seattle.gov/parks/park_detail.asp?ID=403,"(47.5362144800422, -122.278104890608)"
47.5520115483017,-122.315542025326,Cleveland Playfield,,Parks,S Lucile St and 13th Ave S,http://www.seattle.gov/parks/park_detail.asp?ID=404,"(47.5520115483017, -122.315542025326)"
47.587625380775,-122.301957035525,Colman Playground,,Parks,1740 23rd Ave S,http://www.seattle.gov/parks/park_detail.asp?ID=406,"(47.587625380775, -122.301957035525)"
47.5516197319685,-122.321395622454,Georgetown Playfield,,Parks,750 S Homer St,http://www.seattle.gov/parks/park_detail.asp?ID=410,"(47.5516197319685, -122.321395622454)"
47.5588308046035,-122.270059558155,Lakewood Plaground,,Parks,5013 S Angeline St,http://www.seattle.gov/parks/park_detail.asp?ID=414,"(47.5588308046035, -122.270059558155)"
47.5600408806488,-122.31884514896,Maple Wood Playfield,,Parks,4801 Corson Ave S,http://www.seattle.gov/parks/park_detail.asp?ID=418,"(47.5600408806488, -122.31884514896)"
47.5250409543704,-122.273135760829,Rainer Beach Playfield,,Parks,8802 Rainier Ave S,http://www.seattle.gov/parks/park_detail.asp?ID=422,"(47.5250409543704, -122.273135760829)"
47.5618173265164,-122.286200070963,Rainier Playfield,,Parks,3700 S Alaska St.,http://www.seattle.gov/parks/park_detail.asp?ID=423,"(47.5618173265164, -122.286200070963)"
47.5394460989017,-122.294067595442,Van Asselt Playground,,Parks,7200 Beacon Ave S,http://www.seattle.gov/parks/park_detail.asp?ID=431,"(47.5394460989017, -122.294067595442)"
47.6644474051006,-122.319312327795,University Playground,,Parks,9th Ave NE and NE 50th St.,http://www.seattle.gov/parks/park_detail.asp?ID=435,"(47.6644474051006, -122.319312327795)"
47.5189982440007,-122.284294216374,Benefit Playground,,Parks,9320 38th Ave S,http://www.seattle.gov/parks/park_detail.asp?ID=436,"(47.5189982440007, -122.284294216374)"
47.7056715231328,-122.307833800029,Victory Heights Playground,,Parks,1737 NE 106th St,http://www.seattle.gov/parks/park_detail.asp?ID=438,"(47.7056715231328, -122.307833800029)"
47.5143120790222,-122.26006214919,Hutchinson Playground,,Parks,S Norfolk St and 59th Ave S,http://www.seattle.gov/parks/park_detail.asp?ID=439,"(47.5143120790222, -122.26006214919)"
47.5784972617799,-122.40731233767,Alki Playground,,Parks,5817 SW Lander St,http://www.seattle.gov/parks/park_detail.asp?ID=446,"(47.5784972617799, -122.40731233767)"
47.6585444344469,-122.33744372477,Wallingford Playfield,,Parks,4219 Wallingford Ave N,http://www.seattle.gov/parks/park_detail.asp?ID=449,"(47.6585444344469, -122.33744372477)"
47.5628424487087,-122.364370690361,Delridge Playfield,,Parks,4458 Delridge Way SW,http://www.seattle.gov/parks/park_detail.asp?ID=450,"(47.5628424487087, -122.364370690361)"
47.5540408122029,-122.3805488504,Fairmount Playground,,Parks,5400 Fauntleroy Way SW,http://www.seattle.gov/parks/park_detail.asp?ID=452,"(47.5540408122029, -122.3805488504)"
47.5907475150499,-122.389069703111,Hamilton Viewpoint,,Parks,1531 California Wy SW,http://www.seattle.gov/parks/park_detail.asp?ID=454,"(47.5907475150499, -122.389069703111)"
47.5782724270145,-122.384964699838,Hiawatha Playfield,,Parks,2700 California Ave SW,http://www.seattle.gov/parks/park_detail.asp?ID=456,"(47.5782724270145, -122.384964699838)"
47.527379719227,-122.349034022359,Highland Park Playground,,Parks,1100 SW Cloverdale St,http://www.seattle.gov/parks/park_detail.asp?ID=457,"(47.527379719227, -122.349034022359)"
47.5328049082455,-122.369545228851,E.C. Hughes Playground,,Parks,2805 SW Holden St,http://www.seattle.gov/parks/park_detail.asp?ID=458,"(47.5328049082455, -122.369545228851)"
47.5280159781691,-122.324158773464,South Park Playfield,,Parks,738 S Sullivan St,http://www.seattle.gov/parks/park_detail.asp?ID=467,"(47.5280159781691, -122.324158773464)"
47.5628255450167,-122.374348206809,West Seattle Stadium,,Parks,4432 35th Ave SW,http://www.seattle.gov/parks/park_detail.asp?ID=472,"(47.5628255450167, -122.374348206809)"
47.6752992033738,-122.283644144168,Bryant Neighborhood Playground,,Parks,4102 NE 65th St,http://www.seattle.gov/parks/park_detail.asp?ID=482,"(47.6752992033738, -122.283644144168)"
47.6666338602899,-122.282623001591,Burke-Gilman Playground,,Parks,5201 Sand Point Way NE,http://www.seattle.gov/parks/park_detail.asp?ID=496,"(47.6666338602899, -122.282623001591)"
47.6727858650181,-122.391549848962,Ballard Playground,,Parks,2644 NW 60th St,http://www.seattle.gov/parks/park_detail.asp?ID=497,"(47.6727858650181, -122.391549848962)"
47.6641586884286,-122.332556754953,Meridian Playground,,Parks,4649 Sunnyside Ave N,http://www.seattle.gov/parks/park_detail.asp?ID=1104,"(47.6641586884286, -122.332556754953)"
47.5751951223366,-122.416054352165,Bar-S Playground,,Parks,6425 SW Admiral Way,http://www.seattle.gov/parks/park_detail.asp?ID=3703,"(47.5751951223366, -122.416054352165)"
47.6890145029702,-122.315612904851,Maple Leaf Playground,,Parks,1020 NE 82nd St,http://www.seattle.gov/parks/park_detail.asp?ID=3881,"(47.6890145029702, -122.315612904851)"
47.6472393920114,-122.379191275215,Interbay Athletic Complex,,Parks,3027 17th Ave W,http://www.seattle.gov/parks/park_detail.asp?ID=3887,"(47.6472393920114, -122.379191275215)"
47.6131107170061,-122.310543098826,T.T. Minor Playground,,Parks,17th Ave E and E Union St,http://www.seattle.gov/parks/park_detail.asp?ID=3913,"(47.6131107170061, -122.310543098826)"
47.5628975696743,-122.40712042032,Emma Schmitz Memorial Overlook,,Parks,4503 Beach Dr. SW,http://www.seattle.gov/parks/park_detail.asp?ID=3920,"(47.5628975696743, -122.40712042032)"
47.5726945845554,-122.29071342709,York Playground,,Parks,3327 34th Ave S,http://www.seattle.gov/parks/park_detail.asp?ID=3926,"(47.5726945845554, -122.29071342709)"
47.5401697408767,-122.373414932477,High Point Playfield,,Parks,6920 34th Ave SW,http://www.seattle.gov/parks/park_detail.asp?ID=3941,"(47.5401697408767, -122.373414932477)"
47.6455992268977,-122.359710617651,Queen Anne Bowl Playfield,,Parks,2806 3rd Ave W,http://www.seattle.gov/parks/park_detail.asp?ID=3984,"(47.6455992268977, -122.359710617651)"
47.7179550153166,-122.299373591493,Lake City Playground,,Parks,2750 NE 125th St,http://www.seattle.gov/parks/park_detail.asp?ID=4002,"(47.7179550153166, -122.299373591493)"
47.6430148390685,-122.318346887431,Bagley Viewpoint,,Parks,2548 Delmar Dr E,http://www.seattle.gov/parks/park_detail.asp?ID=4006,"(47.6430148390685, -122.318346887431)"
47.7077147290923,-122.292028169283,Nathan Hale Playfield,,Parks,10750 30th Ave NE,http://www.seattle.gov/parks/park_detail.asp?ID=4023,"(47.7077147290923, -122.292028169283)"
47.61913845141,-122.339143311923,Denny Playfield,,Parks,,http://www.seattle.gov/parks/park_detail.asp?ID=4200,"(47.61913845141, -122.339143311923)"
47.5473683327228,-122.359946978632,Puget Ridge Playground,,Parks,21st Ave SW and Croft Pl SW,http://www.seattle.gov/parks/park_detail.asp?ID=4201,"(47.5473683327228, -122.359946978632)"
47.5902217990605,-122.287892664034,East Portal Viewpoint,,Parks,1400 Lake Washington Blvd S,http://www.seattle.gov/parks/park_detail.asp?ID=4241,"(47.5902217990605, -122.287892664034)"
47.5916324990486,-122.306962470517,Judge Charles M. Stokes Overlook,,Parks,S Judkins St and 20th Ave S,http://www.seattle.gov/parks/park_detail.asp?ID=4244,"(47.5916324990486, -122.306962470517)"
47.589840775465,-122.303028784202,Benvenuto Viewpoint,,Parks,1401 23rd Ave S,http://www.seattle.gov/parks/park_detail.asp?ID=4245,"(47.589840775465, -122.303028784202)"
47.601261682324,-122.320082556586,Yesler Playfield,,Parks,917 E Yesler Way,http://www.seattle.gov/parks/park_detail.asp?ID=4263,"(47.601261682324, -122.320082556586)"
47.589983069111,-122.292616071577,Mt Baker Ridge Viewpoint,,Parks,1403 31st Ave S,http://www.seattle.gov/parks/park_detail.asp?ID=4427,"(47.589983069111, -122.292616071577)"
47.6602505167596,-122.403236804742,Kiwanis Ravine Overlook,,Parks,34th Ave W and W McCord Pl,http://www.seattle.gov/parks/park_detail.asp?ID=4429,"(47.6602505167596, -122.403236804742)"
47.6320488302181,-122.390232055055,Ursula Judkins Viewpoint,,Parks,W Galer St west of the Magnolia Bridge,http://www.seattle.gov/parks/park_detail.asp?ID=4451,"(47.6320488302181, -122.390232055055)"
47.5602220495052,-122.375859155464,Rotary Viewpoint,,Parks,35th Ave SW and SW Alaska St,http://www.seattle.gov/parks/park_detail.asp?ID=4465,"(47.5602220495052, -122.375859155464)"
